id,text,Effect,Subject.name,Subject.properties,Subject.properties.logOp,Resource.name,Resource.properties,Resource.properties.logOp,Actions,Condition.particle,Condition.logOp,Condition.subjects,Condition.subjects.logOp,Condition.resources,Condition.resources.logOp,Condition.envNetworks,Condition.envNetworks.logOp,Condition.envDatetimes,Condition.envDatetimes.logOp
1,Graduate students may download theses.,Allow,students,graduate,,theses,,,download,,,,,,,,,,
2,Faculty members can access journals.,Allow,members,faculty,,journals,,,access,,,,,,,,,,
3,Research assistants are allowed to read archives.,Allow,Research assistants,,,archives,,,read,,,,,,,,,,
4,Librarians may modify catalogs.,Allow,Librarians,,,catalogs,,,modify,,,,,,,,,,
5,Visiting scholars can view manuscripts.,Allow,scholars,visiting,,manuscripts,,,view,,,,,,,,,,
6,Undergraduate students may not delete journals.,Deny,students,Undergraduate,,journals,,,delete,,,,,,,,,,
7,Guest users are not allowed to access archives.,Deny,users,guest,,archives,,,access,,,,,,,,,,
8,Temporary staff cannot modify manuscripts.,Deny,staff,temporary,,manuscripts,,,modify,,,,,,,,,,
9,Alumni may not download theses.,Deny,Alumni,,,theses,,,download,,,,,,,,,,
10,External contractors are not permitted to read catalogs.,Deny,contractors,External,,catalogs,,,read,,,,,,,,,,
11,Graduate students may download theses.,Allow,students,graduate,,theses,,,download,,,,,,,,,,
12,Faculty members can access journals.,Allow,members,faculty,,journals,,,access,,,,,,,,,,
13,Research assistants are allowed to read archives.,Allow,Research assistants,,,archives,,,read,,,,,,,,,,
14,Librarians may modify catalogs.,Allow,Librarians,,,catalogs,,,modify,,,,,,,,,,
15,Manuscripts can be viewed by visiting scholars.,Allow,scholars,visiting,,manuscripts,,,view,,,,,,,,,,
16,Journals may not be deleted by undergraduate students.,Deny,students,Undergraduate,,journals,,,delete,,,,,,,,,,
17,Archives should not be accessed by guest users.,Deny,users,guest,,archives,,,access,,,,,,,,,,
18,Manuscripts cannot be modified by temporary staff.,Deny,staff,temporary,,manuscripts,,,modify,,,,,,,,,,
19,Theses may not be downloaded by alumni.,Deny,Alumni,,,theses,,,download,,,,,,,,,,
20,Catalogs cannot be read by external contractors.,Deny,contractors,External,,catalogs,,,read,,,,,,,,,,
21,Physicians may access patient records.,Allow,Physicians,,,records,patient,,access,,,,,,,,,,
22,Lab technicians can update physician reports.,Allow,technicians,lab,,reports,physician,,update,,,,,,,,,,
23,Receptionists are allowed to read appointments.,Allow,Receptionists,,,appointments,,,read,,,,,,,,,,
24,Pharmacists may modify prescriptions.,Allow,Pharmacists,,,prescriptions,,,modify,,,,,,,,,,
25,Radologists can view scans.,Allow,Radologists,,,scans,,,view,,,,,,,,,,
26,Interns may not delete medical records.,Deny,Interns,,,records,medical,,delete,,,,,,,,,,
27,Visitors are not allowed to access prescriptions.,Deny,visitors,,,prescriptions,,,access,,,,,,,,,,
28,Nurses cannot modify physician reports.,Deny,nurses,,,reports,physician,,modify,,,,,,,,,,
29,Volunteers may not view scans of patients.,Deny,volunteers,,,scans,of patients,,view,,,,,,,,,,
30,Cleaners are not permitted to read appointments.,Deny,cleaners,,,appointments,,,read,,,,,,,,,,
31,Patient records may be accessed by physicians.,Allow,Physicians,,,records,patient,,access,,,,,,,,,,
32,Physician reports can be updated by lab technicians.,Allow,technicians,lab,,reports,physician,,update,,,,,,,,,,
33,Appointments can be read by receptionists.,Allow,Receptionists,,,appointments,,,read,,,,,,,,,,
34,Prescriptions may be modified by pharmacists.,Allow,Pharmacists,,,prescriptions,,,modify,,,,,,,,,,
35,Scans can be viewed by radiologists.,Allow,Radologists,,,scans,,,view,,,,,,,,,,
36,Medical records may not be deleted by interns.,Deny,Interns,,,records,medical,,delete,,,,,,,,,,
37,Prescriptions cannot be accessed by visitors.,Deny,visitors,,,prescriptions,,,access,,,,,,,,,,
38,Physician reports cannot be modified by nurses.,Deny,nurses,,,reports,physician,,modify,,,,,,,,,,
39,Scans of patients may not be viewed by volunteers.,Deny,volunteers,,,scans,of patients,,view,,,,,,,,,,
40,Appointments cannot be read by cleaners.,Deny,cleaners,,,appointments,,,read,,,,,,,,,,
41,Senior faculty members with active research grants may access journals and archives classified as peer-reviewed and restricted.,Allow,faculty members,Senior | with active research grants,and,journals,classified as peer-reviewed | restricted,and,access,,,,,,,,,,
41,Senior faculty members with active research grants may access journals and archives classified as peer-reviewed and restricted.,Allow,faculty members,Senior | with active research grants,and,archives,classified as peer-reviewed | restricted,and,access,,,,,,,,,,
42,Graduate students enrolled in doctoral programs can download theses marked confidential and unpublished manuscripts.,Allow,students,Graduate | enrolled in doctoral programs,and,theses,unpublished,,download,,,,,,,,,,
42,Graduate students enrolled in doctoral programs can download theses marked confidential and unpublished manuscripts.,Allow,students,Graduate | enrolled in doctoral programs,and,manuscripts,marked confidential,,download,,,,,,,,,,
43,Librarians assigned to digital collections are allowed to modify archived catalogs and indexes labeled institution-wide.,Allow,Librarians,assigned to digital collections,,catalogs,archived,,modify,,,,,,,,,,
43,Librarians assigned to digital collections are allowed to modify archived catalogs and indexes labeled institution-wide.,Allow,Librarians,assigned to digital collections,,indexes,labeled institution-wide,,modify,,,,,,,,,,
44,Research assistants with verified campus accounts may read academic and licensed datasets and journals.,Allow,Research assistants,with verified campus accounts,,datasets,academic | licensed,and,read,,,,,,,,,,
44,Research assistants with verified campus accounts may read academic and licensed datasets and journals.,Allow,Research assistants,with verified campus accounts,,journals,academic | licensed,and,read,,,,,,,,,,
45,Visiting scholars holding temporary affiliations can view historical manuscripts and encrypted repositories.,Allow,scholars,visiting | holding temporary affiliations,and,manuscripts,historical,,view,,,,,,,,,,
45,Visiting scholars holding temporary affiliations can view historical manuscripts and encrypted repositories.,Allow,scholars,visiting | holding temporary affiliations,and,repositories,encrypted,,view,,,,,,,,,,
46,Journals and archives classified as peer-reviewed and restricted are accessible to senior faculty members who hold active research grants.,Allow,faculty members,Senior | who hold active research grants,and,journals,classified as peer-reviewed | restricted,and,access,,,,,,,,,,
46,Journals and archives classified as peer-reviewed and restricted are accessible to senior faculty members who hold active research grants.,Allow,faculty members,Senior | who hold active research grants,and,archives,classified as peer-reviewed | restricted,and,access,,,,,,,,,,
47,Graduate students enrolled in doctoral programs may download theses and manuscripts marked as confidential or unpublished.,Allow,students,Graduate | enrolled in doctoral programs,and,theses,marked as confidential | unpublished,or,download,,,,,,,,,,
47,Graduate students enrolled in doctoral programs may download theses and manuscripts marked as confidential or unpublished.,Allow,students,Graduate | enrolled in doctoral programs,and,manuscripts,marked as confidential | unpublished.,or,download,,,,,,,,,,
48,Catalogues and indexes labelled as archived or institution-wide may be modified by librarians who are assigned to digital collections.,Allow,Librarians,assigned to digital collections,,catalogues,archived | institution-wide,or,modify,,,,,,,,,,
48,Catalogues and indexes labelled as archived or institution-wide may be modified by librarians who are assigned to digital collections.,Allow,Librarians,assigned to digital collections,,indexes,archived | institution-wide,or,modify,,,,,,,,,,
49,Research assistants with verified campus accounts are permitted to read datasets and journals designated as academic and licensed.,Allow,Research assistants,with verified campus accounts,,datasets,academic | licensed,and,read,,,,,,,,,,
49,Research assistants with verified campus accounts are permitted to read datasets and journals designated as academic and licensed.,Allow,Research assistants,with verified campus accounts,,journals,academic | licensed,and,read,,,,,,,,,,
50,Manuscripts and repositories categorised as historical and encrypted are available for viewing by visiting scholars with temporary affiliations.,Allow,scholars,visiting | with temporary affiliations,and,manuscripts,historical | encrypted,and,view,,,,,,,,,,
50,Manuscripts and repositories categorised as historical and encrypted are available for viewing by visiting scholars with temporary affiliations.,Allow,scholars,visiting | with temporary affiliations,and,repositories,historical | encrypted,and,view,,,,,,,,,,
51,Researchers with expired library cards or incomplete identity verification cannot modify catalogs and indexes labeled confidential and institutional.,Deny,Researchers,with expired library cards | with incomplete identity verification,or,catalogs,confidential | institutional,and,modify,,,,,,,,,,
51,Researchers with expired library cards or incomplete identity verification cannot modify catalogs and indexes labeled confidential and institutional.,Deny,Researchers,with expired library cards | with incomplete identity verification,or,indexes,confidential | institutional,and,modify,,,,,,,,,,
52,Staff members holding inactive accounts or revoked privileges may not read licensed archives and protected datasets.,Deny,staff members,with inactive accounts | with revoked privileges,or,archives,licensed,,read,,,,,,,,,,
52,Staff members holding inactive accounts or revoked privileges may not read licensed archives and protected datasets.,Deny,staff members,with inactive accounts | with revoked privileges,or,datasets,protected,,read,,,,,,,,,,
53,Cardiologists with emergency clearance or active surgical duties may access records and scans marked urgent or confidential.,Allow,Cardiologists,with emergency clearance | with active surgical duties,or,records,urgent | confidential,or,access,,,,,,,,,,
53,Cardiologists with emergency clearance or active surgical duties may access records and scans marked urgent or confidential.,Allow,Cardiologists,with emergency clearance | with active surgical duties,or,scans,urgent | confidential,or,access,,,,,,,,,,
54,Appointments and profiles designated internal or protected can be viewed by receptionists with front-desk authorization or weekend assignments.,Allow,receptionists,with front-desk authorization | with weekend assignments,or,Appointments,designated internal | designated protected,or,view,,,,,,,,,,
55,Therapists who are accredited or counselors who are assigned to rehabilitation and employed full-time may read assessments and notes that are confidential and encrypted when the assessments or notes are associated with ongoing therapy and the access request is submitted during approved consultation hours.,Allow,Therapists,accredited,,assessments,confidential | encrypted,and,read,when,and,,,assessments (associated with ongoing therapy) | notes (associated with ongoing therapy),or,,,during approved consultation hours,
55,Therapists who are accredited or counselors who are assigned to rehabilitation and employed full-time may read assessments and notes that are confidential and encrypted when the assessments or notes are associated with ongoing therapy and the access request is submitted during approved consultation hours.,Allow,Therapists,accredited,,notes,confidential | encrypted,and,read,when,and,,,assessments (associated with ongoing therapy) | notes (associated with ongoing therapy),or,,,during approved consultation hours,
55,Therapists who are accredited or counselors who are assigned to rehabilitation and employed full-time may read assessments and notes that are confidential and encrypted when the assessments or notes are associated with ongoing therapy and the access request is submitted during approved consultation hours.,Allow,counselors,assigned to rehabilitation | employed full-time,or,assessments,confidential | encrypted,and,read,when,and,,,assessments (associated with ongoing therapy) | notes (associated with ongoing therapy),or,,,during approved consultation hours,
55,Therapists who are accredited or counselors who are assigned to rehabilitation and employed full-time may read assessments and notes that are confidential and encrypted when the assessments or notes are associated with ongoing therapy and the access request is submitted during approved consultation hours.,Allow,counselors,assigned to rehabilitation | employed full-time,or,notes,confidential | encrypted,and,read,when,and,,,assessments (associated with ongoing therapy) | notes (associated with ongoing therapy),or,,,during approved consultation hours,
56,"Consultants or vendors who are unaffiliated, remotely connected, or lacking security clearance may not read assessments and notes that are encrypted and confidential when the assessments or notes are related to intensive care and the connection is established through a public network.",Deny,consultants,unaffiliated | remotely connected | lacking security clearance,or,assessments,encrypted | confidential,and,read,when,and,,,notes (related on intensive care),,public network,,,
56,"Consultants or vendors who are unaffiliated, remotely connected, or lacking security clearance may not read assessments and notes that are encrypted and confidential when the assessments or notes are related to intensive care and the connection is established through a public network.",Deny,consultants,unaffiliated | remotely connected | lacking security clearance,or,notes,encrypted | confidential,and,read,when,and,,,notes (related on intensive care),,public network,,,
56,"Consultants or vendors who are unaffiliated, remotely connected, or lacking security clearance may not read assessments and notes that are encrypted and confidential when the assessments or notes are related to intensive care and the connection is established through a public network.",Deny,vendors,unaffiliated | remotely connected | lacking security clearance,or,assessments,encrypted | confidential,and,read,when,and,,,notes (related on intensive care),,public network,,,
56,"Consultants or vendors who are unaffiliated, remotely connected, or lacking security clearance may not read assessments and notes that are encrypted and confidential when the assessments or notes are related to intensive care and the connection is established through a public network.",Deny,vendors,unaffiliated | remotely connected | lacking security clearance,or,notes,encrypted | confidential,and,read,when,and,,,notes (related on intensive care),,public network,,,
57,Faculty members may download manuscripts that are archived and  multilingual and restricted catalogs only if they are requested during library opening hours and the user is connected through the university VPN.,Allow,faculty members,,,manuscripts,archived,,download,only if,and,,,,,connected through the University VPN,,during libray opening hours,
57,Faculty members may download manuscripts that are archived and  multilingual and restricted catalogs only if they are requested during library opening hours and the user is connected through the university VPN.,Allow,faculty members,,,catalogs,multilingual | restricted,and,download,only if,and,,,,,connected through the University VPN,,during libray opening hours,
58,"Temporary staff cannot download access theses and datasets that are encrypted, institution-owned, and unpublished when the theses or datasets are awaiting faculty approval or the user is connected through a public network.",Deny,Temporary staff,,,theses,encrypted | institution-owned | unpublished,and,download,when,or,,,theses (awaiting faculty approval) | datasets (awaiting faculty approval),,public network,,,
58,"Temporary staff cannot download access theses and datasets that are encrypted, institution-owned, and unpublished when the theses or datasets are awaiting faculty approval or the user is connected through a public network.",Deny,Temporary staff,,,datasets,encrypted | institution-owned | unpublished,and,download,when,or,,,theses (awaiting faculty approval) | datasets (awaiting faculty approval),,public network,,,
59,Doctors and nurses may read and modify records and schedules when the records relate to patients currently under their care or the schedules concern clinic sessions taking place that day.,Allow,Doctors,,,records,,,read | modify,when,,,,records (relate to patients currently under their care) | schedules (concern clinic sessions taking place that day),or,,,,
59,Doctors and nurses may read and modify records and schedules when the records relate to patients currently under their care or the schedules concern clinic sessions taking place that day.,Allow,Doctors,,,schedules,,,read | modify,when,,,,records (relate to patients currently under their care) | schedules (concern clinic sessions taking place that day),or,,,,
59,Doctors and nurses may read and modify records and schedules when the records relate to patients currently under their care or the schedules concern clinic sessions taking place that day.,Allow,nurses,,,records,,,read | modify,when,,,,records (relate to patients currently under their care) | schedules (concern clinic sessions taking place that day),or,,,,
59,Doctors and nurses may read and modify records and schedules when the records relate to patients currently under their care or the schedules concern clinic sessions taking place that day.,Allow,nurses,,,schedules,,,read | modify,when,,,,records (relate to patients currently under their care) | schedules (concern clinic sessions taking place that day),or,,,,
60,Pharmacists and physicians can access and update prescriptions and inventories when the prescriptions are associated with active treatments or the inventories correspond to medications awaiting dispensing.,Allow,Pharmacists,,,prescriptions,,,access | update,when,,,,prescriptions (associated with active treatments) | inventories (related to medications awaiting dispensing),or,,,,
60,Pharmacists and physicians can access and update prescriptions and inventories when the prescriptions are associated with active treatments or the inventories correspond to medications awaiting dispensing.,Allow,Pharmacists,,,inventories,,,access | update,when,,,,prescriptions (associated with active treatments) | inventories (related to medications awaiting dispensing),or,,,,
60,Pharmacists and physicians can access and update prescriptions and inventories when the prescriptions are associated with active treatments or the inventories correspond to medications awaiting dispensing.,Allow,physicians,,,prescriptions,,,access | update,when,,,,prescriptions (associated with active treatments) | inventories (related to medications awaiting dispensing),or,,,,
60,Pharmacists and physicians can access and update prescriptions and inventories when the prescriptions are associated with active treatments or the inventories correspond to medications awaiting dispensing.,Allow,physicians,,,inventories,,,access | update,when,,,,prescriptions (associated with active treatments) | inventories (related to medications awaiting dispensing),or,,,,
61,Receptionists and care coordinators may view and edit appointments and referrals only if the appointments are scheduled within the current operating period or the referrals are pending specialist review.,Allow,Receptionists,,,appointments,,,view | edit,only if,,,,appointments (scheduled within the current operating period) | referrals (pending specialist review),or,,,,
61,Receptionists and care coordinators may view and edit appointments and referrals only if the appointments are scheduled within the current operating period or the referrals are pending specialist review.,Allow,Receptionists,,,referrals,,,view | edit,only if,,,,appointments (scheduled within the current operating period) | referrals (pending specialist review),or,,,,
61,Receptionists and care coordinators may view and edit appointments and referrals only if the appointments are scheduled within the current operating period or the referrals are pending specialist review.,Allow,care coordinators,,,appointments,,,view | edit,only if,,,,appointments (scheduled within the current operating period) | referrals (pending specialist review),or,,,,
61,Receptionists and care coordinators may view and edit appointments and referrals only if the appointments are scheduled within the current operating period or the referrals are pending specialist review.,Allow,care coordinators,,,referrals,,,view | edit,only if,,,,appointments (scheduled within the current operating period) | referrals (pending specialist review),or,,,,
62,Laboratory technicians and pathologists are allowed to read and revise reports and requests provided that the reports pertain to tests completed during the current case or the requests originate from ongoing patient assessments.,Allow,technicians,Laboratory,,reports,,,read | revise,provided that,,,,reports (pertain to tests completed during the current case) | requests (from ongoing patient assessments),or,,,,
62,Laboratory technicians and pathologists are allowed to read and revise reports and requests provided that the reports pertain to tests completed during the current case or the requests originate from ongoing patient assessments.,Allow,technicians,Laboratory,,requests,,,read | revise,provided that,,,,reports (pertain to tests completed during the current case) | requests (from ongoing patient assessments),or,,,,
62,Laboratory technicians and pathologists are allowed to read and revise reports and requests provided that the reports pertain to tests completed during the current case or the requests originate from ongoing patient assessments.,Allow,pathologists,,,reports,,,read | revise,provided that,,,,reports (pertain to tests completed during the current case) | requests (from ongoing patient assessments),or,,,,
62,Laboratory technicians and pathologists are allowed to read and revise reports and requests provided that the reports pertain to tests completed during the current case or the requests originate from ongoing patient assessments.,Allow,pathologists,,,requests,,,read | revise,provided that,,,,reports (pertain to tests completed during the current case) | requests (from ongoing patient assessments),or,,,,
63,Radiologists and imaging specialists may access and modify scans and reports when the scans are linked to patients undergoing active diagnosis or the reports are awaiting clinical confirmation.,Allow,Radiologists,,,scans,,,access | modify,when,and,,,scans (for patients undergoing active diagnosis) | reports (under clinical confirmation),or,,,,
63,Radiologists and imaging specialists may access and modify scans and reports when the scans are linked to patients undergoing active diagnosis or the reports are awaiting clinical confirmation.,Allow,Radiologists,,,reports,,,access | modify,when,and,,,scans (for patients undergoing active diagnosis) | reports (under clinical confirmation),or,,,,
63,Radiologists and imaging specialists may access and modify scans and reports when the scans are linked to patients undergoing active diagnosis or the reports are awaiting clinical confirmation.,Allow,specialists,imaging,,scans,,,access | modify,when,and,,,scans (for patients undergoing active diagnosis) | reports (under clinical confirmation),or,,,,
63,Radiologists and imaging specialists may access and modify scans and reports when the scans are linked to patients undergoing active diagnosis or the reports are awaiting clinical confirmation.,Allow,specialists,imaging,,reports,,,access | modify,when,and,,,scans (for patients undergoing active diagnosis) | reports (under clinical confirmation),or,,,,
64,Visiting researchers and external consultants may not download or modify manuscripts and datasets if the manuscripts are under embargo or the datasets are restricted to active research programs.,Deny,researchers,Visiting,,manuscripts,,,download | modify,if,,,,manuscripts (under embargo) | datasets (restricted to active research programs),or,,,,
64,Visiting researchers and external consultants may not download or modify manuscripts and datasets if the manuscripts are under embargo or the datasets are restricted to active research programs.,Deny,researchers,Visiting,,datasets,,,download | modify,if,,,,manuscripts (under embargo) | datasets (restricted to active research programs),or,,,,
64,Visiting researchers and external consultants may not download or modify manuscripts and datasets if the manuscripts are under embargo or the datasets are restricted to active research programs.,Deny,consultants,external,,manuscripts,,,download | modify,if,,,,manuscripts (under embargo) | datasets (restricted to active research programs),or,,,,
64,Visiting researchers and external consultants may not download or modify manuscripts and datasets if the manuscripts are under embargo or the datasets are restricted to active research programs.,Deny,consultants,external,,datasets,,,download | modify,if,,,,manuscripts (under embargo) | datasets (restricted to active research programs),or,,,,
65,Student assistants and temporary staff are allowed to access or delete archives and publications unless the archives contain unreleased findings or the publications are awaiting editorial approval.,Allow,Student assistants,,,archives,,,access | delete,unless,,,,archives (contain unreleased findings) | publications (awaiting editorial approval),or,,,,
65,Student assistants and temporary staff are allowed to access or delete archives and publications unless the archives contain unreleased findings or the publications are awaiting editorial approval.,Allow,Student assistants,,,publications,,,access | delete,unless,,,,archives (contain unreleased findings) | publications (awaiting editorial approval),or,,,,
65,Student assistants and temporary staff are allowed to access or delete archives and publications unless the archives contain unreleased findings or the publications are awaiting editorial approval.,Allow,staff,temporary,,archives,,,access | delete,unless,,,,archives (contain unreleased findings) | publications (awaiting editorial approval),or,,,,
65,Student assistants and temporary staff are allowed to access or delete archives and publications unless the archives contain unreleased findings or the publications are awaiting editorial approval.,Allow,staff,temporary,,publications,,,access | delete,unless,,,,archives (contain unreleased findings) | publications (awaiting editorial approval),or,,,,
66,Guest scholars and contract analysts cannot read or update catalogs and records if the catalogs include confidential collections or the records relate to ongoing investigations.,Deny,scholars,guest,,catalogs,,,read | update,if,,,,catalogs (include confidential collections) | records (relate to ongoing investigations),or,,,,
66,Guest scholars and contract analysts cannot read or update catalogs and records if the catalogs include confidential collections or the records relate to ongoing investigations.,Deny,scholars,guest,,records,,,read | update,if,,,,catalogs (include confidential collections) | records (relate to ongoing investigations),or,,,,
66,Guest scholars and contract analysts cannot read or update catalogs and records if the catalogs include confidential collections or the records relate to ongoing investigations.,Deny,analysts,contract,,catalogs,,,read | update,if,,,,catalogs (include confidential collections) | records (relate to ongoing investigations),or,,,,
66,Guest scholars and contract analysts cannot read or update catalogs and records if the catalogs include confidential collections or the records relate to ongoing investigations.,Deny,analysts,contract,,records,,,read | update,if,,,,catalogs (include confidential collections) | records (relate to ongoing investigations),or,,,,
67,Interns and volunteer researchers may not access or alter journals and repositories when the journals are reserved for peer-review activities or the repositories contain material subject to licensing restrictions.,Deny,Interns,,,journals,,,access | alter,when,,,,journals (reserved for peer-review activities) | repositories (contain material subject to licensing restrictions),or,,,,
67,Interns and volunteer researchers may not access or alter journals and repositories when the journals are reserved for peer-review activities or the repositories contain material subject to licensing restrictions.,Deny,Interns,,,repositories,,,access | alter,when,,,,journals (reserved for peer-review activities) | repositories (contain material subject to licensing restrictions),or,,,,
67,Interns and volunteer researchers may not access or alter journals and repositories when the journals are reserved for peer-review activities or the repositories contain material subject to licensing restrictions.,Deny,researchers,volunteer,,journals,,,access | alter,when,,,,journals (reserved for peer-review activities) | repositories (contain material subject to licensing restrictions),or,,,,
67,Interns and volunteer researchers may not access or alter journals and repositories when the journals are reserved for peer-review activities or the repositories contain material subject to licensing restrictions.,Deny,researchers,volunteer,,repositories,,,access | alter,when,,,,journals (reserved for peer-review activities) | repositories (contain material subject to licensing restrictions),or,,,,
68,External auditors and visiting fellows are not allowed to download or edit theses and documents if the theses are pending formal publication or the documents belong to restricted research initiatives.,Deny,auditors,External,,theses,,,download | edit,if,,,,theses (pending formal publication) | documents (belong to restricted research initiatives),or,,,,
68,External auditors and visiting fellows are not allowed to download or edit theses and documents if the theses are pending formal publication or the documents belong to restricted research initiatives.,Deny,auditors,External,,documents,,,download | edit,if,,,,theses (pending formal publication) | documents (belong to restricted research initiatives),or,,,,
68,External auditors and visiting fellows are not allowed to download or edit theses and documents if the theses are pending formal publication or the documents belong to restricted research initiatives.,Deny,visiting fellows,,,theses,,,download | edit,if,,,,theses (pending formal publication) | documents (belong to restricted research initiatives),or,,,,
68,External auditors and visiting fellows are not allowed to download or edit theses and documents if the theses are pending formal publication or the documents belong to restricted research initiatives.,Deny,visiting fellows,,,documents,,,download | edit,if,,,,theses (pending formal publication) | documents (belong to restricted research initiatives),or,,,,
69,Senior researchers and accredited librarians may access restricted manuscripts and curated datasets when the researchers are assigned to an active research project and the manuscripts belong to the project collection and the request originates from the institute network.,Allow,researchers,senior,,manuscripts,restricted,,access,provided that,and,researchers (assigned to an active research project),,manuscripts (belong to the project collection),,request from institute network,,,
69,Senior researchers and accredited librarians may access restricted manuscripts and curated datasets when the researchers are assigned to an active research project and the manuscripts belong to the project collection and the request originates from the institute network.,Allow,researchers,senior,,datasets,curated,,access,provided that,and,researchers (assigned to an active research project),,manuscripts (belong to the project collection),,request from institute network,,,
69,Senior researchers and accredited librarians may access restricted manuscripts and curated datasets when the researchers are assigned to an active research project and the manuscripts belong to the project collection and the request originates from the institute network.,Allow,accredited librarians,,,manuscripts,restricted,,access,provided that,and,researchers (assigned to an active research project),,manuscripts (belong to the project collection),,request from institute network,,,
69,Senior researchers and accredited librarians may access restricted manuscripts and curated datasets when the researchers are assigned to an active research project and the manuscripts belong to the project collection and the request originates from the institute network.,Allow,accredited librarians,,,datasets,curated,,access,provided that,and,researchers (assigned to an active research project),,manuscripts (belong to the project collection),,request from institute network,,,
70,Certified archivists and permanent fellows may read historical journals and classified repositories when the fellows are participating in an approved study and the repositories support that study and the connection is established through the secure library network.,Allow,archivists,certified,,journals,historical,,read,when,and,fwllows (participating in an approved study),,repositories (support approved study),,connection is established through the secure library network,,,
70,Certified archivists and permanent fellows may read historical journals and classified repositories when the fellows are participating in an approved study and the repositories support that study and the connection is established through the secure library network.,Allow,archivists,certified,,repositories,classified,,read,when,and,fwllows (participating in an approved study),,repositories (support approved study),,connection is established through the secure library network,,,
70,Certified archivists and permanent fellows may read historical journals and classified repositories when the fellows are participating in an approved study and the repositories support that study and the connection is established through the secure library network.,Allow,permanent fellows,,,journals,historical,,read,when,and,fwllows (participating in an approved study),,repositories (support approved study),,connection is established through the secure library network,,,
70,Certified archivists and permanent fellows may read historical journals and classified repositories when the fellows are participating in an approved study and the repositories support that study and the connection is established through the secure library network.,Allow,permanent fellows,,,repositories,classified,,read,when,and,fwllows (participating in an approved study),,repositories (support approved study),,connection is established through the secure library network,,,
71,Lead scientists and authorized cataloguers may access peer-reviewed publications and indexed records when the scientists hold responsibility for the current research program and the publications are associated with that program and the session is conducted from an internal network segment.,Allow,Lead scientists,,,pubblications,peer-reviewed,,access | modify,provided that,and,scientists (responsible for the current research program),,publications (associated with that program),,session is conducted from an internal network segment,,,
71,Lead scientists and authorized cataloguers may access peer-reviewed publications and indexed records when the scientists hold responsibility for the current research program and the publications are associated with that program and the session is conducted from an internal network segment.,Allow,Lead scientists,,,records,indexed,,access | modify,provided that,and,scientists (responsible for the current research program),,publications (associated with that program),,session is conducted from an internal network segment,,,
71,Lead scientists and authorized cataloguers may access peer-reviewed publications and indexed records when the scientists hold responsibility for the current research program and the publications are associated with that program and the session is conducted from an internal network segment.,Allow,cataloguers,authorized,,pubblications,peer-reviewed,,access | modify,provided that,and,scientists (responsible for the current research program),,publications (associated with that program),,session is conducted from an internal network segment,,,
71,Lead scientists and authorized cataloguers may access peer-reviewed publications and indexed records when the scientists hold responsibility for the current research program and the publications are associated with that program and the session is conducted from an internal network segment.,Allow,cataloguers,authorized,,records,indexed,,access | modify,provided that,and,scientists (responsible for the current research program),,publications (associated with that program),,session is conducted from an internal network segment,,,
72,Principal investigators and senior specialist staff may view and upload draft theses and annotated documents when the investigators are engaged in an ongoing institute initiative and the documents are part of that initiative and the access request comes through the protected campus network.,Allow,principal investigators,,,theses,draft,,view | upload,when,and,investigators (engaged in an ongoing institute initiative),,documents (part of that initiative),,access request comes through the protected campus network,,,
72,Principal investigators and senior specialist staff may view and upload draft theses and annotated documents when the investigators are engaged in an ongoing institute initiative and the documents are part of that initiative and the access request comes through the protected campus network.,Allow,principal investigators,,,documents,annotated,,view | upload,when,and,investigators (engaged in an ongoing institute initiative),,documents (part of that initiative),,access request comes through the protected campus network,,,
72,Principal investigators and senior specialist staff may view and upload draft theses and annotated documents when the investigators are engaged in an ongoing institute initiative and the documents are part of that initiative and the access request comes through the protected campus network.,Allow,staff,specialist | senior,and,theses,draft,,view | upload,when,and,investigators (engaged in an ongoing institute initiative),,documents (part of that initiative),,access request comes through the protected campus network,,,
72,Principal investigators and senior specialist staff may view and upload draft theses and annotated documents when the investigators are engaged in an ongoing institute initiative and the documents are part of that initiative and the access request comes through the protected campus network.,Allow,staff,specialist | senior,and,documents,annotated,,view | upload,when,and,investigators (engaged in an ongoing institute initiative),,documents (part of that initiative),,access request comes through the protected campus network,,,
73,Junior researchers and digital curators may read archived reports and validated collections unless the researchers are working on an expired project and the collections are related to that project and the network connection uses the institute's secure infrastructure.,Allow,reserarchers,junior,,reports,archived,,read,unless,and,researchers (working on expired project),,collections (related to that project),,using institute's secure infrastructure,,,
73,Junior researchers and digital curators may read archived reports and validated collections unless the researchers are working on an expired project and the collections are related to that project and the network connection uses the institute's secure infrastructure.,Allow,reserarchers,junior,,collections,validated,,read,unless,and,researchers (working on expired project),,collections (related to that project),,using institute's secure infrastructure,,,
73,Junior researchers and digital curators may read archived reports and validated collections unless the researchers are working on an expired project and the collections are related to that project and the network connection uses the institute's secure infrastructure.,Allow,digital curators,,,reports,archived,,read,unless,and,researchers (working on expired project),,collections (related to that project),,using institute's secure infrastructure,,,
73,Junior researchers and digital curators may read archived reports and validated collections unless the researchers are working on an expired project and the collections are related to that project and the network connection uses the institute's secure infrastructure.,Allow,digital curators,,,collections,validated,,read,unless,and,researchers (working on expired project),,collections (related to that project),,using institute's secure infrastructure,,,
74,Temporary nurses and contract technicians may not access confidential records and encrypted backups if the nurses are assigned to departments outside the patient's care unit or the records belong to a restricted treatment program or the request originates from an unsecured network.,Deny,nurses,temporary,,records,confidential,,access,if,or,nurses (assigned to departments outside the patient's care unit),,records (belong to a restricted treatment program),,request from an unsecured network,,,
74,Temporary nurses and contract technicians may not access confidential records and encrypted backups if the nurses are assigned to departments outside the patient's care unit or the records belong to a restricted treatment program or the request originates from an unsecured network.,Deny,nurses,temporary,,backups,encrypted,,access,if,or,nurses (assigned to departments outside the patient's care unit),,records (belong to a restricted treatment program),,request from an unsecured network,,,
74,Temporary nurses and contract technicians may not access confidential records and encrypted backups if the nurses are assigned to departments outside the patient's care unit or the records belong to a restricted treatment program or the request originates from an unsecured network.,Deny,technicians,contract,,records,confidential,,access,if,or,nurses (assigned to departments outside the patient's care unit),,records (belong to a restricted treatment program),,request from an unsecured network,,,
74,Temporary nurses and contract technicians may not access confidential records and encrypted backups if the nurses are assigned to departments outside the patient's care unit or the records belong to a restricted treatment program or the request originates from an unsecured network.,Deny,technicians,contract,,backups,encrypted,,access,if,or,nurses (assigned to departments outside the patient's care unit),,records (belong to a restricted treatment program),,request from an unsecured network,,,
75,Trainee physicians and visiting specialists are allowed to view sensitive logs and protected databases unless the specialists are participating in observational duties only or the databases contain information from high-security clinical systems or the connection is established through a public network.,Allow,physicians,trainee,,logs,sensitive,,view,unless,or,specialists (participating in observational duties only),,databases (contain information from high-security clinical systems),,connection is established through a public network,,,
75,Trainee physicians and visiting specialists are allowed to view sensitive logs and protected databases unless the specialists are participating in observational duties only or the databases contain information from high-security clinical systems or the connection is established through a public network.,Allow,physicians,trainee,,databases,protected,,view,unless,or,specialists (participating in observational duties only),,databases (contain information from high-security clinical systems),,connection is established through a public network,,,
75,Trainee physicians and visiting specialists are allowed to view sensitive logs and protected databases unless the specialists are participating in observational duties only or the databases contain information from high-security clinical systems or the connection is established through a public network.,Allow,specialists,visiting,,logs,sensitive,,view,unless,or,specialists (participating in observational duties only),,databases (contain information from high-security clinical systems),,connection is established through a public network,,,
75,Trainee physicians and visiting specialists are allowed to view sensitive logs and protected databases unless the specialists are participating in observational duties only or the databases contain information from high-security clinical systems or the connection is established through a public network.,Allow,specialists,visiting,,databases,protected,,view,unless,or,specialists (participating in observational duties only),,databases (contain information from high-security clinical systems),,connection is established through a public network,,,
76,Probationary administrators and external support engineers cannot access critical servers or restricted archives when the administrators have not completed mandatory authorization training or the archives store regulated patient information and the operation take place during weekends.,Deny,administrators,Probationary,,servers,critical,,access,when,or,administrators (have not completed authorization training),,archives (store patient information),,,,the operation take place during weekends,
76,Probationary administrators and external support engineers cannot access critical servers or restricted archives when the administrators have not completed mandatory authorization training or the archives store regulated patient information and the operation take place during weekends.,Deny,administrators,Probationary,,archives,restricted,,access,when,or,administrators (have not completed authorization training),,archives (store patient information),,,,the operation take place during weekends,
76,Probationary administrators and external support engineers cannot access critical servers or restricted archives when the administrators have not completed mandatory authorization training or the archives store regulated patient information and the operation take place during weekends.,Deny,support engineers,external,,servers,critical,,access,when,or,administrators (have not completed authorization training),,archives (store patient information),,,,the operation take place during weekends,
76,Probationary administrators and external support engineers cannot access critical servers or restricted archives when the administrators have not completed mandatory authorization training or the archives store regulated patient information and the operation take place during weekends.,Deny,support engineers,external,,archives,restricted,,access,when,or,administrators (have not completed authorization training),,archives (store patient information),,,,the operation take place during weekends,
77,Agency staff and temporary analyst staff may not read classified reports and secured repositories when the analysts are assigned to short-term operational tasks and the reports relate to restricted medical investigations and the access takes place outside working-hours.,Deny,agency staff,,,reports,classified,,read,when,and,analysts (assigned to short-term operational tasks),,reports (relate to restricted medical investigations),,,,access outaide working-hours,
77,Agency staff and temporary analyst staff may not read classified reports and secured repositories when the analysts are assigned to short-term operational tasks and the reports relate to restricted medical investigations and the access takes place outside working-hours.,Deny,agency staff,,,repositories,secured,,read,when,and,analysts (assigned to short-term operational tasks),,reports (relate to restricted medical investigations),,,,access outaide working-hours,
77,Agency staff and temporary analyst staff may not read classified reports and secured repositories when the analysts are assigned to short-term operational tasks and the reports relate to restricted medical investigations and the access takes place outside working-hours.,Deny,staff,temporary | analyst,and,reports,classified,,read,when,and,analysts (assigned to short-term operational tasks),,reports (relate to restricted medical investigations),,,,access outaide working-hours,
77,Agency staff and temporary analyst staff may not read classified reports and secured repositories when the analysts are assigned to short-term operational tasks and the reports relate to restricted medical investigations and the access takes place outside working-hours.,Deny,staff,temporary | analyst,and,repositories,secured,,read,when,and,analysts (assigned to short-term operational tasks),,reports (relate to restricted medical investigations),,,,access outaide working-hours,
78,Junior operators and contract auditors are not allowed to access protected datasets and confidential records when the operators are working under limited-access assignments and the datasets are associated with sensitive patient programs and the request is made through the weekend or outside working-hours.,Deny,operators,junior,,datasets,protected,,access,when,and,operators (working under limited-access assignments),,datasets (associated with sensitive patient programs),,,,request is made outside working-hours | request made through the weekend,or
78,Junior operators and contract auditors are not allowed to access protected datasets and confidential records when the operators are working under limited-access assignments and the datasets are associated with sensitive patient programs and the request is made through the weekend or outside working-hours.,Deny,operators,junior,,records,confidential,,access,when,and,operators (working under limited-access assignments),,datasets (associated with sensitive patient programs),,,,request is made outside working-hours | request made through the weekend,or
78,Junior operators and contract auditors are not allowed to access protected datasets and confidential records when the operators are working under limited-access assignments and the datasets are associated with sensitive patient programs and the request is made through the weekend or outside working-hours.,Deny,auditors,external,,datasets,protected,,access,when,and,operators (working under limited-access assignments),,datasets (associated with sensitive patient programs),,,,request is made outside working-hours | request made through the weekend,or
78,Junior operators and contract auditors are not allowed to access protected datasets and confidential records when the operators are working under limited-access assignments and the datasets are associated with sensitive patient programs and the request is made through the weekend or outside working-hours.,Deny,auditors,external,,records,confidential,,access,when,and,operators (working under limited-access assignments),,datasets (associated with sensitive patient programs),,,,request is made outside working-hours | request made through the weekend,or
79,Undergraduate students who are enrolled in distance-learning programs and hold temporary library memberships and have overdue account restrictions may not access journals when the students are first-year enrollees and visiting scholars and the journals are reserved for faculty research.,Deny,students,undergraduate | enrolled in distance-learning programs | hold temporary library memberships | have overdue account restrictions,and,journals,,,access,in case,or,students (first-year enrollees | visiting scholars),,journals (reserved for faculty research),,,,,
80,Research assistants who work part-time and belong to external partner institutions and have limited borrowing privileges are not allowed to read archives when the assistants are assigned to short-term projects and guest researchers and the archives are designated for confidential studies.,Deny,Research assistants,part-time | belong to external partner institutions | have limited borrowing privileges,and,archives,,,read,when,and,assistants (assigned to short-term projects | work with guest researchers),,archives (for confidential studies),,,,,
81,Visiting students who are registered for audit courses and possess temporary credentials and have not completed library orientation cannot access repositories unless the students are participating in exchange programs and contract researchers and the repositories contain restricted academic materials.,Deny,students,visiting | registered for audit courses | possess temporary credentials | have not completed library orientation,and,repositories,,,access,unless,and,students (participate in exchange programs),,repositories (contain restricted academic materials),,,,,
82,External collaborators who are affiliated with partner organizations and use provisional accounts and have limited authorization may not access theses unless the collaborators are involved in pilot initiatives and adjunct researchers and the theses are under publication embargo.,Deny,collaborators,external | affiliated with partner organizations | have limited authorization,and,theses,,,read | modify,unless,and,collaborators (are involved in pilot initiatives | help senior researchers),,theses (under publication embargo),,,,,
83,Student volunteers who assist library operations and hold temporary access badges are not allowed to access manuscripts only if the volunteers are assigned to non-research duties or visiting academic projects and the manuscripts belong to special collections.,Deny,volunteers,student | assist library operations | hold temporary access badges,and,manuscripts,,,index | browse,only if,and,volunteers (assigned to non-research duties | visiting academic projects),,manuscripts (belong to special collections),,,,,
84,"Senior physicians who are assigned to critical care units and have completed data-governance training, and senior nurses who are assigned to inpatient services and hold advanced care certifications, may read or write clinical records provided that the physicians are currently responsible for the patient's treatment or the nurses are participating in the patient's care team or the records support an advanced episode of care.",Allow,physicians,senior | assigned to critical care units | completed data-governance training,and,records,clinical,,read | write,provided that,or,physicians (currently responsible for the patient's treatment) | nurses (participating in the patient's care team),,records (support an advanced episode of care),,,,,
84,"Senior physicians who are assigned to critical care units and have completed data-governance training, and senior nurses who are assigned to inpatient services and hold advanced care certifications, may read or write clinical records provided that the physicians are currently responsible for the patient's treatment or the nurses are participating in the patient's care team or the records support an advanced episode of care.",Allow,nurses,senior | who are assigned to inpatient services | hold advanced care certifications,and,records,clinical,,read | write,provided that,or,physicians (currently responsible for the patient's treatment) | nurses (participating in the patient's care team),,records (support an advanced episode of care),,,,,
85,"Clinical researchers who are employed by the medical center and possess approved study credentials and have completed compliance certification, and data analysts who are assigned to research operations and hold authorized system accounts and have completed security training, may read and update datasets provided that the researchers are working on an approved study and the analysts are assigned to that study and the datasets belong to the approved research project.",Allow,researchers,clinical | employed by the medical center | possess approved study credentials | completed compliance certification,and,datasets,,,read | update,provided that,and,researchers (working on an approved study) | analysts (assigned to that study),,datasets (of the approved research project),,,,,
85,"Clinical researchers who are employed by the medical center and possess approved study credentials and have completed compliance certification, and data analysts who are assigned to research operations and hold authorized system accounts and have completed security training, may read and update datasets provided that the researchers are working on an approved study and the analysts are assigned to that study and the datasets belong to the approved research project.",Allow,data analysts,assigned to research operations | have authorized system accounts | completed security training,and,datasets,,,read | update,provided that,and,researchers (working on an approved study) | analysts (assigned to that study),,datasets (of the approved research project),,,,,
86,"Health information managers assigned to records administration who possess active professional accreditation and have completed annual audits, and senior compliance officers who are employed in regulatory oversight, may browse through archives if the managers are responsible for record maintenance and the officers are conducting an authorized review and the archives are older than one year.",Allow,managers,health information | assigned to records administration | possess active professional accreditation | have completed annual audits,and,archives,,,browse,if,and,managers (responsible for record maintenance) | officers (conducting an authorized review),,archives (older than one year),,,,,
86,"Health information managers assigned to records administration who possess active professional accreditation and have completed annual audits, and senior compliance officers who are employed in regulatory oversight, may browse through archives if the managers are responsible for record maintenance and the officers are conducting an authorized review and the archives are older than one year.",Allow,officers,senior | compliance | employed in regulatory oversight,,archives,,,browse,if,and,managers (responsible for record maintenance) | officers (conducting an authorized review),,archives (older than one year),,,,,
87,"Laboratory supervisors who are assigned to diagnostic services or hold active supervisory roles, and pathology specialists who are employed in clinical laboratories and possess superior professional qualifications and have completed a security course, may delete reports when the supervisors are overseeing the testing workflow and the specialists are validating diagnostic findings and the reports are associated with active laboratory cases.",Allow,supervisors,laboratory | are assigned to diagnostic services | hold active supervisory roles,or,reports,,,delete,when,and,supervisors (oversee the testing workflow) | specialists (validating diagnostic findings),,reports (associated with active laboratory cases),,,,,
87,"Laboratory supervisors who are assigned to diagnostic services or hold active supervisory roles, and pathology specialists who are employed in clinical laboratories and possess superior professional qualifications and have completed a security course, may delete reports when the supervisors are overseeing the testing workflow and the specialists are validating diagnostic findings and the reports are associated with active laboratory cases.",Allow,specialists,employed in clinical laboratories | possess superior professional qualifications | completed a security course,and,reports,,,delete,when,and,supervisors (oversee the testing workflow) | specialists (validating diagnostic findings),,reports (associated with active laboratory cases),,,,,
88,"Senior system administrators who are assigned to healthcare infrastructure, and database engineers who are employed in data management services  and have completed compliance training, may modify critical databases provided that the administrators have been employed for more than 10 years and operations are performed during weekends.",Allow,system administrators,senior | assigned to healthcare infrastructure,and,databases,critical,,modify,provided that,and,administrators (employed for more than 10 years),,,,,,during weekends,
88,"Senior system administrators who are assigned to healthcare infrastructure, and database engineers who are employed in data management services  and have completed compliance training, may modify critical databases provided that the administrators have been employed for more than 10 years and operations are performed during weekends.",Allow,database engineers,employed in data management services | completed compliance training,and,databases,critical,,modify,provided that,and,administrators (employed for more than 10 years),,,,,,during weekends,
89,Faculty researchers with active appointments may read and download journals and theses that are peer-reviewed or faculty-curated or citation-indexed when the journals' publisher is ACM and the theses belong to departmental collections.,Allow,Faculty researchers,with active appointments,,journals,peer-reviewed | faculty-curated | citation-indexed,or,read | download,when,and,,,journals (publisher is ACM) | theses (from departmental collections),and,,,,
89,Faculty researchers with active appointments may read and download journals and theses that are peer-reviewed or faculty-curated or citation-indexed when the journals' publisher is ACM and the theses belong to departmental collections.,Allow,Faculty researchers,with active appointments,,theses,peer-reviewed | faculty-curated | citation-indexed,or,read | download,when,and,,,journals (publisher is ACM) | theses (from departmental collections),and,,,,
90,Graduate students aged less than 30 may access and download papers and datasets that are course-related or supervisor-approved or department-licensed when the papers are required for seminars and the datasets support active research projects.,Allow,students,Graduate | aged less than 30,,papers,course-related | supervisor-approved | department-licensed,or,access | download,when,and,,,papers (required for seminars) | datasets (support active research projects),and,,,,
90,Graduate students aged less than 30 may access and download papers and datasets that are course-related or supervisor-approved or department-licensed when the papers are required for seminars and the datasets support active research projects.,Allow,students,Graduate | aged less than 30,,datasets,course-related | supervisor-approved | department-licensed,or,access | download,when,and,,,papers (required for seminars) | datasets (support active research projects),and,,,,
91,Library staff with smart accounts may read and archive manuscripts and proceedings that are catalogued or preservation-ready or faculty-submitted only if the manuscripts are assigned to the physics collection or the proceedings relate to mathematics conferences.,Allow,Library staff,with smart accounts,,manuscripts,catalogued | preservation-ready | faculty-submitted,or,read | archive,only if,and,,,manuscripts (assigned to the physics collection) | proceedings (related to mathematics conferences),or,,,,
91,Library staff with smart accounts may read and archive manuscripts and proceedings that are catalogued or preservation-ready or faculty-submitted only if the manuscripts are assigned to the physics collection or the proceedings relate to mathematics conferences.,Allow,Library staff,with smart accounts,,proceedings,catalogued | preservation-ready | faculty-submitted,or,read | archive,only if,and,,,manuscripts (assigned to the physics collection) | proceedings (related to mathematics conferences),or,,,,
92,Doctoral candidates with research clearance may view and download preprints and datasets that are advisor-endorsed or grant-funded or repository-approved provided that the preprints concern active dissertation work and the datasets are linked to approved research groups.,Allow,doctoral candidates,with research clearance,,preprints,advisor-endorsed | grant-funded | repository-approved,or,view | download,provided that,or,,,preprints (concern active dissertation work) | datasets (linked to approved research groups),or,,,,
92,Doctoral candidates with research clearance may view and download preprints and datasets that are advisor-endorsed or grant-funded or repository-approved provided that the preprints concern active dissertation work and the datasets are linked to approved research groups.,Allow,doctoral candidates,with research clearance,,datasets,advisor-endorsed | grant-funded | repository-approved,or,view | download,provided that,or,,,preprints (concern active dissertation work) | datasets (linked to approved research groups),or,,,,
93,Professors with teaching assignments may access and share textbooks and online material that are department-approved or access-restricted only if the textbooks are used in approved courses and the online material support supervised tutorials and the operations occur via the VPN or the internal network.,Allow,professors,with teaching assignments,,textbooks,department-approved | access-restricted,or,access | share,only if,and,,,textbooks (used in approved courses) | online material (support supervised tutorials),or,operations occur via the VPN | operations occur via the internal network,or,,
93,Professors with teaching assignments may access and share textbooks and online material that are department-approved or access-restricted only if the textbooks are used in approved courses and the online material support supervised tutorials and the operations occur via the VPN or the internal network.,Allow,professors,with teaching assignments,,online material,department-approved | access-restricted,or,access | share,only if,and,,,textbooks (used in approved courses) | online material (support supervised tutorials),or,operations occur via the VPN | operations occur via the internal network,or,,
94,Contractors with limited authorization may not access or modify databases that are privacy-sensitive when the DB records belong to active treatments or access occur from an external network or during weekends.,Deny,Contractors,with limited authorization,,databases,privacy-sensitive,,sccess | modify,when,or,DB records (belong to active treatments),,,,access occur from an external network,,during weekends,
95,Visiting interns with limited access are not allowed to read or delete reports that are restricted-access and archives that are audit-protected or security-classified when the reports contain ongoing investigation findings and the archives store private healthcare information.,Deny,interns,visiting | with limited access,and,reports,restricted-access,,read | delete,when,and,,,reports (contain ongoing investigation findings) | archives (store private healthcare information),,,,,
95,Visiting interns with limited access are not allowed to read or delete reports that are restricted-access and archives that are audit-protected or security-classified when the reports contain ongoing investigation findings and the archives store private healthcare information.,Deny,interns,visiting | with limited access,and,archives,audit-protected | security-classified,or,read | delete,when,and,,,reports (contain ongoing investigation findings) | archives (store private healthcare information),,,,,
96,"External consultants with non-clinical roles cannot access or update logs and documents that are privacy-protected  when the logs document active security events, or during weekends and holidays.",Deny,consultants,External | with non-clinical roles,and,logs,,,access | update,when,or,,,logs (document active security events),,,,during weekends | during holidays,or
96,"External consultants with non-clinical roles cannot access or update logs and documents that are privacy-protected  when the logs document active security events, or during weekends and holidays.",Deny,consultants,External | with non-clinical roles,and,documents,privacy-protected,,access | update,when,or,,,logs (document active security events),,,,during weekends | during holidays,or
97,Temporary volunteer assistants cannot view or modify confidential datasets and legally protected or patient-linked records unless the datasets are older than 5 years and the records are older than 10 years.,Deny,assistants,Temporary | volunteer,and,datasets,confidential,,view | modify,unless,,,,datasets (older than 5 years) | records (older than 10 years),and,,,,
97,Temporary volunteer assistants cannot view or modify confidential datasets and legally protected or patient-linked records unless the datasets are older than 5 years and the records are older than 10 years.,Deny,assistants,Temporary | volunteer,and,records,legally protected | patient-linked,or,view | modify,unless,,,,datasets (older than 5 years) | records (older than 10 years),and,,,,
98,"Third-party technicians are not allowed to access or delete encrypted backups or compliance-monitored and security-sensitive records, unless the backups support live recovery operations or the records are older than 5 years.",Deny,technicians,Third-party,,backups,encrypted,,access | delete,unless,,,,backups (support live recovery operations) | records (older than 5 years),or,,,,
98,"Third-party technicians are not allowed to access or delete encrypted backups or compliance-monitored and security-sensitive records, unless the backups support live recovery operations or the records are older than 5 years.",Deny,technicians,Third-party,,records,compliance-monitored | security-sensitive,and,access | delete,unless,,,,backups (support live recovery operations) | records (older than 5 years),or,,,,
